account_id,customer_id,branch_id,account_number,account_type,balance,currency,status,open_date,close_date,interest_rate
1,500,8,FB0000000001,Current,2194478.53,INR,Active,2024-08-20,,4.48
2,455,25,FB0000000002,Salary,968800.93,INR,Active,2023-02-16,,2.75
3,317,25,FB0000000003,Savings,2211051.74,INR,Active,2022-03-26,,4.81
4,10,23,FB0000000004,Savings,2297622.53,INR,Active,2023-06-09,,3.21
5,275,17,FB0000000005,Fixed Deposit,226556.8,INR,Active,2022-07-14,,6.39
6,379,13,FB0000000006,Recurring Deposit,1366244.56,INR,Active,2023-11-26,,4.75
7,103,7,FB0000000007,Savings,2241595.46,INR,Active,2023-04-23,,2.95
8,419,6,FB0000000008,Savings,2267952.58,INR,Active,2023-08-21,,3.12
9,147,3,FB0000000009,Savings,1585364.01,INR,Active,2022-07-09,,4.42
10,475,6,FB0000000010,Salary,1530375.3,INR,Active,2022-11-13,,4.4
11,42,22,FB0000000011,Salary,838315.25,INR,Active,2025-02-11,,3.31
12,83,14,FB0000000012,Savings,1780262.7,INR,Active,2024-04-24,,6.15
13,108,4,FB0000000013,Recurring Deposit,1566318.9,INR,Active,2021-08-14,,7.3
14,436,15,FB0000000014,Savings,633150.88,INR,Active,2024-04-16,,4.99
15,353,8,FB0000000015,Fixed Deposit,2206815.95,INR,Active,2023-05-30,,5.8
16,34,20,FB0000000016,Current,198972.59,INR,Active,2022-06-23,,6.91
17,104,7,FB0000000017,Savings,1394092.85,INR,Active,2023-07-11,,3.24
18,478,2,FB0000000018,Salary,363863.35,INR,Active,2020-03-16,,6.69
19,326,4,FB0000000019,Savings,219712.86,INR,Active,2025-02-27,,3.39
20,175,23,FB0000000020,Salary,1652481.07,INR,Active,2023-06-05,,6.44
21,468,12,FB0000000021,Savings,1873462.36,INR,Dormant,2022-07-21,,2.97
22,253,3,FB0000000022,Savings,2243875.68,INR,Active,2022-01-24,,6.72
23,380,23,FB0000000023,Savings,336797.2,INR,Active,2022-08-22,,4.15
24,106,20,FB0000000024,Savings,1739725.83,INR,Active,2021-03-05,,5.36
25,440,16,FB0000000025,Recurring Deposit,2467979.56,INR,Active,2022-12-19,,5.52
26,446,20,FB0000000026,Salary,718324.67,INR,Active,2023-12-18,,3.8
27,35,5,FB0000000027,Current,884956.43,INR,Active,2023-06-30,,4.98
28,378,6,FB0000000028,Salary,1231514.88,INR,Active,2022-10-16,,3.66
29,224,1,FB0000000029,Savings,4451.5,INR,Active,2021-01-31,,6.48
30,65,14,FB0000000030,Salary,1999011.1,INR,Active,2021-02-28,,4.17
31,260,21,FB0000000031,Current,531238.66,INR,Active,2023-07-29,,3.91
32,123,18,FB0000000032,Salary,751059.84,INR,Active,2021-09-22,,2.53
33,13,19,FB0000000033,Salary,990425.29,INR,Active,2021-11-30,,2.65
34,148,22,FB0000000034,Savings,2084646.34,INR,Active,2021-11-07,,4.87
35,444,21,FB0000000035,Savings,1203998.06,INR,Active,2020-10-05,,6.83
36,122,14,FB0000000036,Fixed Deposit,1960080.59,INR,Dormant,2022-08-05,,2.78
37,467,11,FB0000000037,Current,1812547.9,INR,Active,2023-03-03,,2.59
38,161,12,FB0000000038,Current,1998938.57,INR,Active,2021-11-10,,3.25
39,226,21,FB0000000039,Fixed Deposit,2459055.11,INR,Active,2021-11-25,,3.33
40,374,25,FB0000000040,Current,1488182.07,INR,Active,2021-01-18,,6.79
41,264,16,FB0000000041,Salary,1034966.98,INR,Active,2021-07-10,,4.36
42,133,10,FB0000000042,Fixed Deposit,540741.63,INR,Active,2021-09-11,,4.37
43,33,15,FB0000000043,Savings,2283427.94,INR,Active,2021-02-17,,6.5
44,242,16,FB0000000044,Fixed Deposit,475934.09,INR,Active,2020-11-11,,5.12
45,109,4,FB0000000045,Salary,1923818.75,INR,Active,2020-10-20,,7.19
46,45,2,FB0000000046,Salary,513365.18,INR,Active,2020-09-28,,6.07
47,417,2,FB0000000047,Current,777797.8,INR,Active,2020-01-09,,5.47
48,370,4,FB0000000048,Savings,2223020.1,INR,Active,2022-08-14,,5.79
49,318,21,FB0000000049,Savings,1896355.3,INR,Active,2023-03-28,,4.1
50,335,25,FB0000000050,Savings,1330923.38,INR,Active,2021-07-20,,3.09
51,182,20,FB0000000051,Savings,286593.75,INR,Active,2021-07-14,,3.01
52,366,5,FB0000000052,Current,796553.04,INR,Dormant,2023-01-30,,6.52
53,493,20,FB0000000053,Current,178571.56,INR,Active,2020-12-16,,5.2
54,15,22,FB0000000054,Savings,1177103.58,INR,Active,2020-02-29,,4.42
55,59,20,FB0000000055,Savings,447867.99,INR,Active,2022-03-13,,5.65
56,314,10,FB0000000056,Salary,1540980.19,INR,Active,2022-07-02,,3.49
57,95,25,FB0000000057,Salary,1333945.58,INR,Active,2024-07-15,,5.34
58,441,15,FB0000000058,Savings,2299262.76,INR,Active,2024-07-01,,4.05
59,163,8,FB0000000059,Current,1163758.71,INR,Dormant,2024-04-18,,3.22
60,448,13,FB0000000060,Fixed Deposit,2282197.6,INR,Active,2021-06-12,,7.09
61,151,15,FB0000000061,Savings,2206068.52,INR,Active,2024-10-28,,2.83
62,2,6,FB0000000062,Savings,1153373.59,INR,Active,2022-09-07,,4.24
63,256,23,FB0000000063,Current,257779.06,INR,Active,2022-11-06,,4.13
64,130,15,FB0000000064,Current,755644.26,INR,Active,2024-06-10,,4.57
65,195,16,FB0000000065,Current,397971.21,INR,Active,2023-01-27,,4.2
66,25,14,FB0000000066,Fixed Deposit,1078155.67,INR,Active,2023-04-25,,4.21
67,476,3,FB0000000067,Salary,1656699.34,INR,Active,2020-12-20,,6.06
68,36,15,FB0000000068,Fixed Deposit,1480611.76,INR,Active,2020-08-22,,2.99
69,57,3,FB0000000069,Savings,2389730.67,INR,Active,2021-09-22,,5.93
70,39,16,FB0000000070,Current,947588.08,INR,Active,2024-08-06,,2.81
71,351,25,FB0000000071,Savings,2218210.21,INR,Active,2020-10-11,,2.5
72,359,10,FB0000000072,Savings,1132709.56,INR,Active,2020-11-01,,5.39
73,291,10,FB0000000073,Savings,2193624.67,INR,Active,2023-10-27,,7.07
74,231,12,FB0000000074,Savings,1794619.16,INR,Closed,2022-06-09,2024-02-25,2.54
75,208,10,FB0000000075,Recurring Deposit,2119168.04,INR,Active,2022-04-07,,7.01
76,82,12,FB0000000076,Recurring Deposit,1758533.63,INR,Active,2020-01-02,,3.91
77,24,13,FB0000000077,Savings,1755703.59,INR,Active,2022-06-03,,6.06
78,344,22,FB0000000078,Savings,1363024.41,INR,Active,2022-06-10,,3.2
79,69,14,FB0000000079,Current,2311242.87,INR,Active,2024-09-23,,7.49
80,420,21,FB0000000080,Salary,29501.08,INR,Active,2020-10-02,,6.11
81,373,5,FB0000000081,Current,2437450.08,INR,Active,2022-06-13,,5.71
82,200,23,FB0000000082,Savings,2234009.38,INR,Active,2022-07-22,,4.63
83,452,15,FB0000000083,Savings,1060599.65,INR,Active,2022-11-09,,3.63
84,352,24,FB0000000084,Savings,1445057.28,INR,Active,2020-01-16,,5.01
85,365,2,FB0000000085,Savings,1441092.71,INR,Closed,2023-01-23,2024-09-25,4.92
86,19,23,FB0000000086,Savings,1204091.51,INR,Active,2023-04-03,,6.15
87,56,25,FB0000000087,Current,2459179.11,INR,Active,2024-10-25,,5.08
88,431,16,FB0000000088,Current,221571.65,INR,Active,2023-06-03,,5.82
89,307,19,FB0000000089,Salary,1584402.32,INR,Active,2023-11-01,,2.76
90,139,15,FB0000000090,Savings,27453.11,INR,Active,2024-05-13,,4.85
91,105,10,FB0000000091,Salary,882609.9,INR,Active,2022-05-12,,2.68
92,398,19,FB0000000092,Recurring Deposit,760525.07,INR,Active,2024-03-14,,5.65
93,474,10,FB0000000093,Current,129523.9,INR,Active,2023-03-19,,5.62
94,245,3,FB0000000094,Savings,317489.93,INR,Active,2020-06-17,,3.89
95,362,9,FB0000000095,Savings,688405.18,INR,Active,2021-07-29,,3.06
96,388,22,FB0000000096,Savings,1847548.6,INR,Active,2023-04-26,,6.54
97,418,6,FB0000000097,Savings,590871.6,INR,Active,2023-12-06,,6.81
98,84,20,FB0000000098,Savings,2418380.41,INR,Dormant,2020-06-21,,3.27
99,27,8,FB0000000099,Current,1926034.29,INR,Active,2022-04-25,,6.13
100,497,12,FB0000000100,Savings,1836035.6,INR,Active,2023-03-29,,3.82
101,171,13,FB0000000101,Fixed Deposit,419417.19,INR,Active,2020-04-17,,4.88
102,263,13,FB0000000102,Recurring Deposit,1331535.82,INR,Active,2025-03-04,,4.45
103,288,1,FB0000000103,Savings,2175759.2,INR,Active,2022-12-22,,6.49
104,375,22,FB0000000104,Savings,2404425.93,INR,Dormant,2021-10-08,,2.99
105,234,14,FB0000000105,Current,2390481.05,INR,Active,2021-12-25,,5.76
106,216,4,FB0000000106,Savings,668086.0,INR,Active,2021-07-07,,5.42
107,143,24,FB0000000107,Current,1872852.73,INR,Active,2023-10-14,,6.35
108,220,6,FB0000000108,Current,1725850.68,INR,Active,2023-10-19,,2.55
109,31,4,FB0000000109,Savings,30397.55,INR,Active,2020-05-19,,5.93
110,209,7,FB0000000110,Savings,708600.9,INR,Active,2024-01-25,,5.6
111,457,7,FB0000000111,Savings,1641685.49,INR,Dormant,2023-05-01,,5.69
112,218,20,FB0000000112,Salary,216422.74,INR,Active,2020-09-02,,5.78
113,180,6,FB0000000113,Fixed Deposit,2008098.56,INR,Active,2023-03-05,,5.98
114,338,3,FB0000000114,Savings,1651364.38,INR,Active,2022-08-14,,7.11
115,145,22,FB0000000115,Savings,1730707.62,INR,Active,2022-05-24,,4.12
116,87,2,FB0000000116,Savings,693580.06,INR,Active,2020-05-31,,4.16
117,201,15,FB0000000117,Savings,662029.8,INR,Active,2024-07-22,,7.4
118,331,16,FB0000000118,Savings,446516.2,INR,Active,2022-03-15,,5.2
119,94,15,FB0000000119,Savings,1608523.75,INR,Active,2023-06-11,,3.02
120,197,25,FB0000000120,Savings,1818999.11,INR,Active,2023-03-16,,6.98
121,174,2,FB0000000121,Savings,2668.67,INR,Active,2023-08-04,,3.83
122,377,1,FB0000000122,Salary,978630.25,INR,Active,2025-01-26,,7.2
123,391,24,FB0000000123,Current,1010079.92,INR,Active,2022-06-12,,6.43
124,115,23,FB0000000124,Current,961367.47,INR,Active,2020-01-07,,4.91
125,494,11,FB0000000125,Current,2479007.65,INR,Active,2025-03-29,,4.5
126,423,18,FB0000000126,Current,227122.1,INR,Active,2023-08-18,,4.2
127,215,21,FB0000000127,Fixed Deposit,1916386.97,INR,Active,2024-04-06,,5.27
128,72,23,FB0000000128,Recurring Deposit,477912.4,INR,Active,2023-09-15,,3.03
129,8,21,FB0000000129,Salary,212613.78,INR,Active,2022-09-23,,3.45
130,389,19,FB0000000130,Savings,1799487.72,INR,Active,2020-02-21,,4.44
131,186,18,FB0000000131,Salary,769673.33,INR,Dormant,2023-08-10,,6.56
132,461,2,FB0000000132,Recurring Deposit,93088.18,INR,Active,2020-02-03,,6.11
133,350,22,FB0000000133,Savings,2017855.71,INR,Active,2021-03-09,,7.2
134,152,19,FB0000000134,Fixed Deposit,372809.6,INR,Active,2023-01-03,,2.86
135,61,16,FB0000000135,Salary,1634751.9,INR,Dormant,2022-09-28,,5.59
136,78,6,FB0000000136,Savings,326779.06,INR,Active,2023-08-21,,7.02
137,207,6,FB0000000137,Fixed Deposit,1140733.39,INR,Active,2020-07-18,,2.82
138,91,20,FB0000000138,Fixed Deposit,1243110.17,INR,Active,2020-08-21,,6.52
139,334,24,FB0000000139,Savings,2089821.92,INR,Active,2024-07-19,,4.12
140,265,11,FB0000000140,Recurring Deposit,1364939.05,INR,Active,2023-03-25,,6.47
141,324,3,FB0000000141,Salary,434032.4,INR,Active,2023-04-29,,3.21
142,272,6,FB0000000142,Savings,925133.39,INR,Active,2023-11-27,,7.13
143,126,21,FB0000000143,Savings,1977735.21,INR,Active,2020-07-23,,6.39
144,414,1,FB0000000144,Savings,202266.16,INR,Active,2022-09-24,,2.95
145,294,23,FB0000000145,Salary,709687.0,INR,Active,2024-12-21,,6.36
146,349,9,FB0000000146,Salary,358148.11,INR,Active,2021-02-26,,4.56
147,64,20,FB0000000147,Recurring Deposit,1729338.09,INR,Active,2023-06-04,,5.0
148,11,10,FB0000000148,Recurring Deposit,2066295.75,INR,Active,2023-07-08,,2.52
149,276,4,FB0000000149,Savings,2466515.51,INR,Active,2020-08-28,,6.81
150,144,25,FB0000000150,Recurring Deposit,548580.7,INR,Active,2022-11-05,,3.54
151,118,22,FB0000000151,Savings,1991634.12,INR,Active,2020-08-18,,7.06
152,129,2,FB0000000152,Current,1675521.52,INR,Active,2020-11-23,,4.32
153,498,25,FB0000000153,Savings,836069.43,INR,Active,2021-05-29,,3.02
154,342,1,FB0000000154,Savings,440131.08,INR,Active,2023-01-05,,3.08
155,23,19,FB0000000155,Fixed Deposit,1112329.82,INR,Active,2024-01-17,,3.49
156,267,4,FB0000000156,Salary,575543.06,INR,Active,2021-10-29,,2.99
157,255,8,FB0000000157,Salary,500289.6,INR,Active,2024-11-16,,5.43
158,453,20,FB0000000158,Savings,362780.71,INR,Active,2022-06-11,,4.44
159,413,12,FB0000000159,Savings,485790.23,INR,Closed,2024-01-14,2024-05-26,4.18
160,449,5,FB0000000160,Savings,149599.47,INR,Active,2023-03-10,,4.83
161,426,10,FB0000000161,Savings,859268.23,INR,Active,2024-04-06,,6.45
162,304,19,FB0000000162,Current,2263992.46,INR,Closed,2023-06-06,2024-02-26,2.93
163,238,7,FB0000000163,Fixed Deposit,2155566.53,INR,Active,2022-09-28,,6.68
164,437,8,FB0000000164,Savings,1070561.86,INR,Active,2024-02-04,,4.67
165,75,5,FB0000000165,Savings,1479633.19,INR,Dormant,2025-03-14,,6.99
166,192,16,FB0000000166,Savings,100626.67,INR,Active,2020-03-31,,5.02
167,313,23,FB0000000167,Savings,1198433.71,INR,Active,2022-03-18,,4.76
168,412,23,FB0000000168,Savings,1882820.19,INR,Active,2023-02-17,,7.25
169,169,3,FB0000000169,Savings,598036.46,INR,Active,2021-08-28,,5.85
170,339,24,FB0000000170,Savings,2144876.32,INR,Active,2022-07-29,,7.38
171,402,13,FB0000000171,Current,2185560.5,INR,Active,2020-10-10,,6.86
172,460,21,FB0000000172,Current,1583689.06,INR,Active,2023-12-12,,6.97
173,100,25,FB0000000173,Savings,741826.66,INR,Active,2020-03-07,,7.23
174,451,22,FB0000000174,Current,518262.49,INR,Active,2024-06-15,,6.9
175,3,22,FB0000000175,Salary,1287083.83,INR,Active,2020-04-22,,2.76
176,254,12,FB0000000176,Savings,1548024.06,INR,Active,2022-08-11,,5.74
177,345,7,FB0000000177,Salary,1773488.17,INR,Active,2023-02-22,,4.17
178,403,25,FB0000000178,Current,1196494.42,INR,Active,2023-08-22,,7.3
179,404,11,FB0000000179,Savings,1902334.32,INR,Active,2024-03-05,,3.84
180,225,12,FB0000000180,Salary,136622.76,INR,Active,2021-07-21,,4.93
181,233,18,FB0000000181,Current,1175674.54,INR,Active,2020-09-08,,5.16
182,470,22,FB0000000182,Savings,920680.56,INR,Dormant,2023-06-25,,6.54
183,73,15,FB0000000183,Recurring Deposit,471289.78,INR,Active,2020-05-14,,4.45
184,16,9,FB0000000184,Savings,273857.62,INR,Active,2020-06-06,,3.24
185,405,21,FB0000000185,Savings,1301958.75,INR,Active,2021-02-22,,4.58
186,66,12,FB0000000186,Salary,330502.41,INR,Active,2025-03-23,,6.19
187,241,8,FB0000000187,Savings,157842.3,INR,Active,2021-01-22,,5.1
188,283,21,FB0000000188,Savings,857309.8,INR,Active,2023-03-31,,4.93
189,170,15,FB0000000189,Salary,2104848.72,INR,Active,2022-12-21,,5.34
190,150,9,FB0000000190,Fixed Deposit,429756.95,INR,Active,2021-09-19,,4.36
191,97,12,FB0000000191,Savings,118773.68,INR,Active,2024-09-27,,7.28
192,5,10,FB0000000192,Current,1779674.52,INR,Active,2020-11-25,,3.38
193,322,5,FB0000000193,Salary,1666056.74,INR,Active,2025-01-26,,3.08
194,297,9,FB0000000194,Recurring Deposit,316620.54,INR,Active,2023-03-22,,3.53
195,261,12,FB0000000195,Salary,792700.94,INR,Active,2023-09-25,,4.74
196,268,1,FB0000000196,Recurring Deposit,754248.64,INR,Active,2022-12-28,,5.0
197,464,5,FB0000000197,Savings,2319564.32,INR,Active,2022-07-27,,6.19
198,287,10,FB0000000198,Recurring Deposit,1618286.26,INR,Active,2021-11-09,,3.95
199,390,19,FB0000000199,Recurring Deposit,1667385.88,INR,Active,2023-03-20,,7.11
200,141,2,FB0000000200,Savings,1829235.48,INR,Active,2020-08-18,,5.25
201,278,8,FB0000000201,Savings,1543996.22,INR,Active,2022-04-02,,2.96
202,386,17,FB0000000202,Savings,488276.79,INR,Active,2023-08-06,,7.18
203,134,15,FB0000000203,Savings,209432.08,INR,Active,2020-02-16,,7.29
204,140,11,FB0000000204,Recurring Deposit,486527.87,INR,Active,2022-03-18,,5.06
205,53,5,FB0000000205,Savings,902981.64,INR,Active,2023-09-27,,4.64
206,425,12,FB0000000206,Savings,711983.59,INR,Active,2020-01-25,,4.73
207,138,15,FB0000000207,Current,1819769.47,INR,Active,2021-03-17,,4.58
208,228,14,FB0000000208,Savings,2014279.13,INR,Active,2020-12-01,,4.57
209,415,7,FB0000000209,Fixed Deposit,215651.9,INR,Active,2023-05-09,,7.44
210,85,19,FB0000000210,Current,165756.4,INR,Active,2021-11-17,,2.94
211,315,6,FB0000000211,Savings,683685.48,INR,Active,2025-02-15,,6.05
212,121,13,FB0000000212,Salary,498544.27,INR,Active,2020-10-07,,4.95
213,116,10,FB0000000213,Fixed Deposit,2086545.71,INR,Active,2021-09-10,,6.2
214,491,9,FB0000000214,Savings,6615.46,INR,Active,2024-06-08,,5.7
215,347,10,FB0000000215,Current,1634705.52,INR,Active,2020-09-11,,4.96
216,246,25,FB0000000216,Salary,71592.24,INR,Active,2021-05-16,,7.47
217,178,16,FB0000000217,Savings,904717.9,INR,Active,2024-03-06,,6.84
218,88,4,FB0000000218,Current,2435659.74,INR,Active,2022-09-01,,6.16
219,369,2,FB0000000219,Savings,407536.66,INR,Active,2021-06-15,,4.81
220,74,9,FB0000000220,Salary,408690.48,INR,Active,2022-01-01,,5.68
221,239,17,FB0000000221,Recurring Deposit,724995.57,INR,Active,2020-04-09,,2.88
222,319,4,FB0000000222,Savings,458527.12,INR,Active,2023-07-10,,3.34
223,279,22,FB0000000223,Savings,2067141.58,INR,Active,2021-10-09,,3.86
224,243,19,FB0000000224,Salary,240035.61,INR,Active,2022-01-12,,3.22
225,159,16,FB0000000225,Savings,932848.98,INR,Active,2021-07-30,,7.1
226,63,8,FB0000000226,Savings,386810.01,INR,Active,2021-03-22,,6.48
227,14,17,FB0000000227,Current,2078624.75,INR,Active,2023-11-13,,6.06
228,190,15,FB0000000228,Salary,285359.86,INR,Dormant,2024-07-01,,3.08
229,323,10,FB0000000229,Savings,1199055.82,INR,Active,2020-02-05,,3.2
230,310,11,FB0000000230,Savings,1308041.21,INR,Active,2023-05-08,,4.02
231,416,23,FB0000000231,Salary,556283.44,INR,Active,2020-08-30,,3.63
232,187,14,FB0000000232,Savings,2452783.36,INR,Active,2020-09-23,,6.42
233,194,14,FB0000000233,Savings,1210895.11,INR,Active,2024-05-05,,3.04
234,459,16,FB0000000234,Salary,1483143.84,INR,Active,2022-11-17,,3.77
235,96,4,FB0000000235,Savings,26175.86,INR,Active,2023-09-29,,7.1
236,176,22,FB0000000236,Savings,500461.06,INR,Active,2025-01-19,,2.95
237,443,12,FB0000000237,Fixed Deposit,2372004.62,INR,Active,2021-07-22,,6.78
238,60,19,FB0000000238,Salary,604935.39,INR,Active,2023-06-09,,6.6
239,210,7,FB0000000239,Salary,542886.69,INR,Dormant,2022-12-19,,3.36
240,237,4,FB0000000240,Salary,2433962.97,INR,Dormant,2020-01-09,,7.1
241,364,19,FB0000000241,Fixed Deposit,916474.33,INR,Active,2022-08-30,,5.87
242,113,13,FB0000000242,Savings,887378.45,INR,Active,2024-09-05,,5.07
243,38,4,FB0000000243,Savings,2461539.57,INR,Active,2024-04-08,,5.1
244,160,18,FB0000000244,Current,1761974.92,INR,Active,2022-01-09,,2.91
245,298,20,FB0000000245,Current,709386.8,INR,Active,2022-02-27,,5.94
246,410,10,FB0000000246,Fixed Deposit,1385012.77,INR,Closed,2021-04-07,2023-09-30,3.44
247,211,22,FB0000000247,Savings,2006189.78,INR,Active,2024-09-18,,2.56
248,158,15,FB0000000248,Salary,263377.13,INR,Active,2023-10-08,,5.88
249,90,19,FB0000000249,Savings,1001860.41,INR,Closed,2022-03-19,2023-03-29,2.82
250,385,13,FB0000000250,Recurring Deposit,501058.61,INR,Active,2021-11-24,,6.69
251,302,25,FB0000000251,Salary,1912160.12,INR,Active,2021-07-24,,3.86
252,439,12,FB0000000252,Salary,2358091.03,INR,Active,2023-08-11,,5.52
253,479,5,FB0000000253,Savings,1278780.58,INR,Active,2022-09-19,,3.04
254,330,5,FB0000000254,Savings,577439.07,INR,Active,2022-10-15,,6.19
255,153,6,FB0000000255,Fixed Deposit,1695429.55,INR,Active,2022-10-17,,5.9
256,177,25,FB0000000256,Savings,1558269.93,INR,Active,2023-06-27,,6.26
257,165,10,FB0000000257,Salary,1165321.56,INR,Active,2024-06-11,,4.95
258,438,18,FB0000000258,Savings,2023799.25,INR,Active,2021-12-04,,7.26
259,432,4,FB0000000259,Savings,2200374.11,INR,Active,2022-05-31,,4.07
260,348,6,FB0000000260,Savings,90434.81,INR,Active,2022-07-30,,6.8
261,217,14,FB0000000261,Savings,410778.54,INR,Active,2023-12-17,,6.08
262,397,16,FB0000000262,Current,1422353.63,INR,Active,2020-08-12,,5.93
263,58,6,FB0000000263,Current,1405857.4,INR,Active,2022-09-01,,4.46
264,46,12,FB0000000264,Current,1542540.72,INR,Active,2022-02-12,,3.92
265,396,12,FB0000000265,Savings,113273.57,INR,Active,2023-04-24,,6.21
266,394,13,FB0000000266,Savings,1563069.92,INR,Active,2024-12-30,,4.23
267,454,8,FB0000000267,Savings,141594.89,INR,Active,2021-12-20,,5.74
268,450,10,FB0000000268,Current,1720134.16,INR,Active,2025-02-07,,3.35
269,125,14,FB0000000269,Current,1152543.01,INR,Active,2020-03-17,,7.01
270,127,1,FB0000000270,Savings,1174514.9,INR,Closed,2023-11-26,2024-07-06,5.35
271,482,4,FB0000000271,Savings,2020912.26,INR,Active,2020-07-19,,3.53
272,101,11,FB0000000272,Current,1912377.3,INR,Active,2024-07-19,,4.0
273,203,3,FB0000000273,Recurring Deposit,1242630.8,INR,Active,2021-02-17,,5.18
274,333,19,FB0000000274,Savings,743652.01,INR,Active,2020-04-07,,3.63
275,102,19,FB0000000275,Salary,1794408.25,INR,Active,2020-07-07,,4.18
276,247,14,FB0000000276,Savings,1327893.61,INR,Active,2024-06-28,,6.48
277,371,10,FB0000000277,Salary,1261846.52,INR,Active,2021-09-10,,5.2
278,67,17,FB0000000278,Savings,628536.35,INR,Active,2022-04-03,,6.32
279,489,17,FB0000000279,Savings,1569795.92,INR,Active,2020-02-08,,5.38
280,257,15,FB0000000280,Savings,1855648.92,INR,Active,2024-08-14,,5.69
281,361,14,FB0000000281,Fixed Deposit,1922913.35,INR,Dormant,2024-10-12,,6.13
282,44,5,FB0000000282,Savings,911004.54,INR,Active,2021-02-14,,6.23
283,135,11,FB0000000283,Salary,1088754.27,INR,Active,2024-09-24,,7.06
284,340,10,FB0000000284,Current,1031389.73,INR,Active,2024-09-28,,3.78
285,281,5,FB0000000285,Current,596589.31,INR,Active,2022-04-11,,3.73
286,301,14,FB0000000286,Fixed Deposit,1213713.19,INR,Active,2022-08-08,,7.03
287,244,9,FB0000000287,Savings,341508.36,INR,Active,2021-07-12,,3.89
288,43,24,FB0000000288,Current,2131376.28,INR,Active,2023-08-12,,2.6
289,408,10,FB0000000289,Fixed Deposit,785104.98,INR,Active,2020-06-20,,7.0
290,68,3,FB0000000290,Savings,1679344.35,INR,Active,2022-01-14,,6.7
291,76,24,FB0000000291,Fixed Deposit,280274.94,INR,Active,2021-04-28,,3.1
292,300,17,FB0000000292,Salary,2374211.41,INR,Active,2023-04-03,,6.92
293,149,11,FB0000000293,Savings,1933090.62,INR,Active,2020-09-07,,5.42
294,222,14,FB0000000294,Savings,1860025.46,INR,Active,2024-03-12,,3.03
295,487,9,FB0000000295,Savings,1098968.79,INR,Active,2021-07-16,,2.78
296,47,11,FB0000000296,Current,2371802.87,INR,Active,2023-12-03,,4.87
297,409,5,FB0000000297,Savings,2198644.14,INR,Active,2021-07-22,,6.08
298,295,20,FB0000000298,Fixed Deposit,1613671.27,INR,Active,2020-02-13,,6.2
299,229,22,FB0000000299,Salary,1726860.8,INR,Active,2020-04-21,,5.26
300,202,22,FB0000000300,Savings,907456.32,INR,Active,2023-12-05,,6.83
301,485,13,FB0000000301,Fixed Deposit,20161.33,INR,Dormant,2022-03-06,,7.09
302,79,10,FB0000000302,Savings,1891791.49,INR,Active,2024-08-11,,6.95
303,367,25,FB0000000303,Fixed Deposit,793302.3,INR,Active,2023-07-17,,6.45
304,258,16,FB0000000304,Savings,2058082.85,INR,Active,2020-06-13,,4.56
305,168,4,FB0000000305,Fixed Deposit,1056203.82,INR,Active,2024-01-09,,5.99
306,77,24,FB0000000306,Current,1052465.9,INR,Active,2021-12-21,,6.19
307,290,21,FB0000000307,Current,1905057.63,INR,Active,2020-02-26,,5.65
308,277,7,FB0000000308,Salary,8187.97,INR,Active,2020-10-05,,4.07
309,164,23,FB0000000309,Savings,624384.11,INR,Dormant,2020-11-19,,6.65
310,22,14,FB0000000310,Salary,1485243.3,INR,Active,2024-09-30,,4.1
311,269,6,FB0000000311,Current,334207.75,INR,Active,2024-02-14,,6.63
312,157,12,FB0000000312,Salary,211455.18,INR,Active,2021-02-10,,6.88
313,28,1,FB0000000313,Recurring Deposit,1426191.21,INR,Dormant,2024-12-16,,7.12
314,395,3,FB0000000314,Current,572153.76,INR,Closed,2023-07-07,2024-02-25,3.81
315,6,14,FB0000000315,Fixed Deposit,1002886.76,INR,Active,2020-04-11,,3.25
316,309,4,FB0000000316,Recurring Deposit,2368135.15,INR,Active,2020-12-14,,5.13
317,117,22,FB0000000317,Salary,1134542.81,INR,Active,2025-03-16,,3.62
318,62,9,FB0000000318,Savings,2033624.36,INR,Active,2024-10-31,,4.97
319,214,7,FB0000000319,Savings,516911.58,INR,Closed,2024-10-19,2025-01-29,6.13
320,223,5,FB0000000320,Savings,1021605.99,INR,Active,2021-01-04,,7.38
321,179,12,FB0000000321,Savings,2268366.92,INR,Active,2022-07-12,,5.74
322,172,11,FB0000000322,Savings,333445.74,INR,Closed,2022-08-18,2023-10-29,5.93
323,29,20,FB0000000323,Salary,1058515.73,INR,Active,2023-12-21,,2.98
324,471,16,FB0000000324,Savings,2327695.99,INR,Dormant,2021-11-12,,7.48
325,196,24,FB0000000325,Recurring Deposit,1495781.05,INR,Active,2024-07-01,,2.53
326,332,13,FB0000000326,Current,756617.14,INR,Active,2022-02-19,,3.16
327,458,9,FB0000000327,Fixed Deposit,1451427.03,INR,Active,2020-03-25,,4.96
328,343,11,FB0000000328,Savings,330232.87,INR,Active,2022-08-16,,4.66
329,495,5,FB0000000329,Savings,110883.32,INR,Active,2021-10-03,,7.37
330,305,10,FB0000000330,Savings,2315629.49,INR,Dormant,2022-01-08,,3.82
331,355,11,FB0000000331,Fixed Deposit,659762.97,INR,Active,2025-03-12,,3.32
332,463,5,FB0000000332,Salary,1909306.7,INR,Active,2022-10-03,,7.11
333,250,5,FB0000000333,Current,133528.86,INR,Active,2022-06-20,,3.42
334,89,14,FB0000000334,Current,1765054.18,INR,Active,2020-11-30,,6.98
335,248,23,FB0000000335,Current,891622.03,INR,Active,2022-06-23,,4.79
336,399,4,FB0000000336,Savings,2167264.81,INR,Active,2024-01-14,,3.52
337,447,17,FB0000000337,Savings,421153.36,INR,Active,2024-09-05,,5.32
338,112,1,FB0000000338,Salary,1459076.7,INR,Active,2021-03-10,,5.35
339,433,16,FB0000000339,Savings,615770.51,INR,Active,2020-06-06,,6.94
340,205,4,FB0000000340,Savings,2453345.52,INR,Active,2023-10-27,,5.45
341,357,1,FB0000000341,Recurring Deposit,809184.07,INR,Active,2024-09-10,,6.65
342,48,9,FB0000000342,Salary,1571077.67,INR,Active,2022-07-18,,2.53
343,481,15,FB0000000343,Recurring Deposit,1556100.96,INR,Active,2023-09-05,,6.16
344,486,7,FB0000000344,Salary,1423111.51,INR,Active,2024-06-20,,6.51
345,120,3,FB0000000345,Savings,139309.79,INR,Active,2024-06-22,,5.51
346,434,25,FB0000000346,Savings,445438.0,INR,Active,2021-06-06,,2.95
347,299,13,FB0000000347,Fixed Deposit,971563.0,INR,Active,2020-11-29,,6.26
348,484,14,FB0000000348,Salary,746717.38,INR,Active,2020-09-03,,7.11
349,136,22,FB0000000349,Fixed Deposit,328651.03,INR,Active,2023-05-20,,4.34
350,71,16,FB0000000350,Savings,2213589.89,INR,Active,2022-07-01,,5.5
351,356,20,FB0000000351,Savings,2027580.4,INR,Active,2022-05-15,,5.65
352,183,15,FB0000000352,Savings,854691.25,INR,Active,2022-11-17,,5.74
353,236,21,FB0000000353,Salary,1238557.97,INR,Active,2025-03-21,,2.92
354,20,16,FB0000000354,Current,2268065.67,INR,Active,2020-06-11,,7.42
355,49,17,FB0000000355,Salary,2103924.12,INR,Active,2021-09-07,,5.34
356,80,4,FB0000000356,Current,113214.71,INR,Active,2025-02-21,,4.57
357,358,9,FB0000000357,Current,1421411.29,INR,Active,2024-01-15,,5.43
358,496,22,FB0000000358,Salary,285281.76,INR,Active,2020-02-03,,6.43
359,285,23,FB0000000359,Fixed Deposit,208684.77,INR,Active,2020-04-02,,5.44
360,262,9,FB0000000360,Current,1125144.79,INR,Active,2023-10-04,,7.09
361,284,24,FB0000000361,Fixed Deposit,463125.93,INR,Closed,2021-03-08,2022-09-20,6.86
362,142,13,FB0000000362,Savings,45279.09,INR,Active,2022-12-30,,3.36
363,354,22,FB0000000363,Current,1013026.45,INR,Dormant,2023-11-17,,5.51
364,12,20,FB0000000364,Current,2032924.63,INR,Active,2023-06-20,,5.87
365,401,3,FB0000000365,Salary,2011699.52,INR,Active,2022-03-19,,2.57
366,387,7,FB0000000366,Savings,1740233.09,INR,Active,2020-02-02,,3.55
367,483,21,FB0000000367,Current,604829.65,INR,Active,2023-08-23,,5.19
368,154,16,FB0000000368,Savings,1158832.18,INR,Active,2024-04-25,,3.08
369,4,16,FB0000000369,Fixed Deposit,1756643.97,INR,Active,2024-02-22,,6.8
370,155,13,FB0000000370,Current,737431.1,INR,Active,2021-02-16,,2.54
371,70,14,FB0000000371,Current,1079753.99,INR,Active,2023-12-31,,6.19
372,445,2,FB0000000372,Current,2497566.41,INR,Active,2023-02-09,,4.93
373,9,16,FB0000000373,Current,2338234.74,INR,Active,2023-06-06,,2.8
374,306,3,FB0000000374,Savings,789967.45,INR,Active,2023-03-26,,5.74
375,146,21,FB0000000375,Fixed Deposit,1237224.61,INR,Active,2020-08-27,,5.99
376,18,16,FB0000000376,Savings,1815659.73,INR,Active,2021-08-12,,3.66
377,424,20,FB0000000377,Savings,1712592.72,INR,Active,2025-02-04,,6.08
378,1,23,FB0000000378,Current,733838.41,INR,Active,2024-12-13,,4.58
379,204,16,FB0000000379,Recurring Deposit,1836594.29,INR,Active,2023-08-29,,6.72
380,230,3,FB0000000380,Current,1726898.52,INR,Active,2021-08-01,,3.15
381,232,14,FB0000000381,Savings,1230718.24,INR,Dormant,2023-05-25,,4.97
382,466,1,FB0000000382,Savings,118099.82,INR,Active,2023-02-14,,3.8
383,131,17,FB0000000383,Salary,2069957.75,INR,Active,2020-12-23,,2.82
384,382,18,FB0000000384,Savings,567112.29,INR,Active,2023-06-18,,3.79
385,400,25,FB0000000385,Savings,1923550.07,INR,Active,2021-12-28,,3.84
386,193,20,FB0000000386,Savings,2184302.34,INR,Active,2023-11-14,,6.03
387,110,25,FB0000000387,Recurring Deposit,1997567.72,INR,Active,2022-06-15,,3.03
388,280,4,FB0000000388,Current,2146039.33,INR,Active,2024-05-20,,2.71
389,289,7,FB0000000389,Savings,295589.35,INR,Dormant,2023-07-14,,3.29
390,124,16,FB0000000390,Savings,1905030.74,INR,Active,2022-06-23,,3.0
391,312,4,FB0000000391,Current,2047992.38,INR,Active,2021-11-16,,4.7
392,166,16,FB0000000392,Savings,16965.64,INR,Active,2024-04-23,,5.03
393,442,14,FB0000000393,Savings,1788141.76,INR,Active,2022-02-01,,5.82
394,221,8,FB0000000394,Savings,1324360.86,INR,Active,2024-03-23,,4.64
395,325,17,FB0000000395,Fixed Deposit,1147153.28,INR,Active,2025-01-13,,4.31
396,392,23,FB0000000396,Savings,1925494.58,INR,Active,2020-10-25,,7.22
397,212,25,FB0000000397,Savings,1004426.35,INR,Active,2021-10-06,,2.81
398,191,5,FB0000000398,Salary,2306335.89,INR,Dormant,2023-09-14,,2.79
399,167,17,FB0000000399,Current,1997777.38,INR,Closed,2023-12-31,2024-08-31,4.51
400,469,24,FB0000000400,Salary,2183929.14,INR,Active,2023-02-07,,7.05
401,162,20,FB0000000401,Savings,2250571.2,INR,Dormant,2021-07-26,,6.0
402,181,20,FB0000000402,Savings,2219005.61,INR,Active,2021-02-24,,5.76
403,227,21,FB0000000403,Salary,2029671.78,INR,Active,2024-12-22,,3.49
404,308,13,FB0000000404,Savings,1343815.01,INR,Active,2020-03-16,,6.2
405,274,3,FB0000000405,Savings,710177.68,INR,Active,2023-01-12,,4.06
406,81,1,FB0000000406,Savings,400488.34,INR,Active,2023-07-25,,5.2
407,435,24,FB0000000407,Savings,1935507.39,INR,Active,2024-08-31,,5.03
408,173,21,FB0000000408,Salary,932760.68,INR,Active,2024-09-19,,3.12
409,259,19,FB0000000409,Salary,1122117.85,INR,Active,2020-09-12,,4.77
410,206,19,FB0000000410,Recurring Deposit,1864522.3,INR,Active,2024-07-07,,6.97
411,282,8,FB0000000411,Current,2111317.18,INR,Active,2022-12-28,,3.92
412,93,5,FB0000000412,Salary,1432127.96,INR,Active,2024-01-04,,5.1
413,406,7,FB0000000413,Savings,1291371.34,INR,Active,2021-11-02,,4.31
414,86,14,FB0000000414,Savings,1064517.48,INR,Active,2023-12-28,,2.81
415,54,3,FB0000000415,Fixed Deposit,537353.61,INR,Active,2022-09-02,,5.13
416,219,9,FB0000000416,Current,1947172.39,INR,Active,2022-11-28,,5.68
417,341,16,FB0000000417,Recurring Deposit,2327623.5,INR,Active,2023-11-12,,4.58
418,488,23,FB0000000418,Savings,318246.38,INR,Active,2022-11-01,,7.34
419,235,7,FB0000000419,Current,295586.37,INR,Active,2022-12-19,,2.66
420,346,4,FB0000000420,Savings,923645.48,INR,Active,2023-02-18,,4.54
421,184,17,FB0000000421,Savings,724331.64,INR,Active,2023-03-16,,4.36
422,296,1,FB0000000422,Recurring Deposit,735306.25,INR,Active,2021-09-13,,3.21
423,327,10,FB0000000423,Current,2342083.23,INR,Active,2020-04-09,,3.58
424,393,18,FB0000000424,Fixed Deposit,5713.34,INR,Active,2022-09-28,,6.85
425,55,15,FB0000000425,Savings,774599.85,INR,Dormant,2023-03-19,,6.41
426,383,5,FB0000000426,Current,2084291.82,INR,Active,2024-01-14,,5.02
427,462,5,FB0000000427,Current,1668218.25,INR,Active,2022-07-10,,4.13
428,430,13,FB0000000428,Salary,1559161.89,INR,Active,2023-09-22,,4.48
429,384,24,FB0000000429,Current,2225162.89,INR,Active,2023-10-05,,2.94
430,465,25,FB0000000430,Savings,1430200.99,INR,Active,2020-02-20,,5.31
431,92,20,FB0000000431,Savings,213337.5,INR,Active,2023-02-19,,6.29
432,321,16,FB0000000432,Recurring Deposit,473894.98,INR,Active,2022-12-04,,2.59
433,292,1,FB0000000433,Salary,449768.63,INR,Active,2022-12-25,,3.53
434,128,15,FB0000000434,Fixed Deposit,2219195.74,INR,Active,2024-09-14,,5.17
435,492,1,FB0000000435,Savings,112936.62,INR,Active,2023-04-21,,3.4
436,490,9,FB0000000436,Savings,793797.4,INR,Active,2022-12-17,,7.4
437,499,9,FB0000000437,Current,360513.62,INR,Active,2021-08-07,,3.27
438,98,20,FB0000000438,Recurring Deposit,423393.02,INR,Dormant,2023-10-21,,3.41
439,198,11,FB0000000439,Salary,975154.31,INR,Active,2021-09-02,,6.97
440,273,2,FB0000000440,Savings,2248804.01,INR,Active,2024-08-22,,6.26
441,119,17,FB0000000441,Current,1271798.87,INR,Active,2022-10-06,,3.08
442,372,3,FB0000000442,Savings,1383026.15,INR,Active,2022-08-09,,4.54
443,52,18,FB0000000443,Savings,47047.77,INR,Dormant,2024-12-19,,5.88
444,50,5,FB0000000444,Savings,1629051.5,INR,Active,2023-02-10,,4.53
445,266,5,FB0000000445,Savings,1251330.72,INR,Active,2023-07-26,,7.43
446,111,18,FB0000000446,Salary,2381555.26,INR,Active,2023-01-05,,2.51
447,40,21,FB0000000447,Current,1552014.43,INR,Closed,2024-08-25,2024-09-24,2.8
448,156,22,FB0000000448,Recurring Deposit,1494870.44,INR,Active,2021-07-13,,4.26
449,428,10,FB0000000449,Current,2101790.14,INR,Active,2023-04-13,,6.2
450,480,23,FB0000000450,Current,224742.9,INR,Active,2021-09-07,,3.2
451,376,7,FB0000000451,Current,2195759.1,INR,Active,2021-07-26,,7.29
452,21,21,FB0000000452,Savings,2363548.46,INR,Active,2023-10-28,,6.26
453,271,11,FB0000000453,Current,1655861.43,INR,Active,2021-05-18,,4.8
454,137,5,FB0000000454,Current,2285088.59,INR,Active,2020-02-02,,2.51
455,316,6,FB0000000455,Current,24441.74,INR,Active,2025-01-20,,6.98
456,422,3,FB0000000456,Salary,982281.31,INR,Active,2024-04-10,,5.75
457,30,22,FB0000000457,Savings,2231484.2,INR,Active,2020-03-04,,3.12
458,363,12,FB0000000458,Recurring Deposit,2068753.35,INR,Active,2022-02-09,,6.7
459,407,12,FB0000000459,Fixed Deposit,312347.28,INR,Dormant,2020-01-18,,4.72
460,189,22,FB0000000460,Savings,1896173.29,INR,Dormant,2020-02-10,,4.29
461,421,23,FB0000000461,Savings,1563278.78,INR,Active,2023-06-10,,7.4
462,213,23,FB0000000462,Recurring Deposit,702250.52,INR,Active,2020-03-16,,3.55
463,473,4,FB0000000463,Savings,1596271.04,INR,Active,2024-08-08,,5.35
464,381,24,FB0000000464,Current,484828.76,INR,Active,2023-02-04,,5.91
465,286,24,FB0000000465,Current,1470617.38,INR,Active,2020-05-13,,3.8
466,185,24,FB0000000466,Current,2202567.23,INR,Active,2021-04-11,,3.46
467,32,20,FB0000000467,Salary,1694497.29,INR,Active,2023-11-20,,5.3
468,328,21,FB0000000468,Current,1602595.23,INR,Active,2022-05-24,,7.19
469,411,22,FB0000000469,Savings,685451.97,INR,Active,2022-04-13,,4.98
470,240,8,FB0000000470,Current,2209564.2,INR,Active,2020-03-30,,7.09
471,41,7,FB0000000471,Current,13395.63,INR,Active,2021-10-09,,6.9
472,427,23,FB0000000472,Fixed Deposit,564457.19,INR,Active,2024-02-19,,2.87
473,456,3,FB0000000473,Savings,823396.97,INR,Active,2020-12-02,,2.98
474,252,21,FB0000000474,Current,60546.81,INR,Dormant,2024-07-12,,6.7
475,336,11,FB0000000475,Savings,596278.85,INR,Active,2022-08-27,,6.61
476,107,25,FB0000000476,Current,2358897.17,INR,Active,2021-04-29,,4.69
477,472,3,FB0000000477,Savings,1447546.71,INR,Closed,2022-07-03,2025-02-25,2.67
478,477,5,FB0000000478,Savings,1733562.49,INR,Active,2024-10-02,,6.51
479,7,3,FB0000000479,Savings,1565649.94,INR,Active,2023-06-04,,2.78
480,37,4,FB0000000480,Savings,953947.98,INR,Active,2024-10-06,,4.56
481,368,1,FB0000000481,Fixed Deposit,1649480.22,INR,Active,2024-05-31,,4.82
482,311,11,FB0000000482,Savings,1548266.77,INR,Active,2023-06-24,,5.88
483,114,7,FB0000000483,Savings,820820.08,INR,Active,2022-11-25,,2.56
484,188,7,FB0000000484,Salary,1973646.35,INR,Dormant,2023-04-29,,3.13
485,26,24,FB0000000485,Current,1052807.01,INR,Active,2021-12-28,,3.43
486,132,10,FB0000000486,Savings,151697.71,INR,Active,2020-03-31,,5.07
487,303,18,FB0000000487,Salary,778315.01,INR,Active,2022-01-02,,3.24
488,360,1,FB0000000488,Savings,728014.33,INR,Active,2021-12-03,,5.79
489,320,18,FB0000000489,Savings,1268016.11,INR,Active,2021-05-01,,4.61
490,270,7,FB0000000490,Savings,1601566.7,INR,Active,2021-02-14,,4.21
491,251,15,FB0000000491,Salary,1729756.59,INR,Active,2023-11-23,,4.16
492,337,14,FB0000000492,Current,1540449.79,INR,Active,2021-11-18,,3.02
493,199,8,FB0000000493,Fixed Deposit,105959.28,INR,Dormant,2025-02-07,,5.69
494,429,8,FB0000000494,Salary,1559988.08,INR,Active,2022-08-13,,6.34
495,329,7,FB0000000495,Fixed Deposit,1850333.43,INR,Active,2024-07-11,,6.63
496,293,1,FB0000000496,Savings,184791.03,INR,Active,2020-01-21,,3.21
497,17,25,FB0000000497,Savings,1464423.14,INR,Active,2023-07-16,,7.38
498,51,9,FB0000000498,Savings,435779.45,INR,Active,2021-08-04,,4.2
499,99,6,FB0000000499,Current,490370.91,INR,Active,2020-12-31,,7.05
500,249,21,FB0000000500,Savings,343540.21,INR,Active,2023-10-19,,3.05
